{
	"format_version": "1.8.0",
	"animations": {
		"animation.rataSaltante.walk": {
			"loop": true,
			"animation_length": 0.95833,
			"bones": {
				"head": {
					"rotation": {
						"0.0": [0, 0, 5],
						"0.2083": [0, 0, 0],
						"0.4583": [0, 0, -7.5],
						"0.7083": [0, 0, 0],
						"0.9583": [0, 0, 5]
					},
					"position": {
						"0.0": [0, -1, 0],
						"0.2083": [0, 0.5, 0],
						"0.4583": [0, 1, 0],
						"0.7083": [0, 0.25, 0],
						"0.9583": [0, -1, 0]
					}
				},
				"torso": {
					"rotation": {
						"0.0": [0, 0, -7.5],
						"0.2083": [0, 0, 0],
						"0.4583": [0, 0, 2.5],
						"0.7083": [0, 0, 0],
						"0.9583": [0, 0, -7.5]
					},
					"position": {
						"0.0": [0, -1, 0],
						"0.2083": [0, 0, 0],
						"0.4583": [0, 0.5, 0],
						"0.7083": [0, -0.25, 0],
						"0.9583": [0, -1, 0]
					}
				},
				"LeftLeg": {
					"rotation": {
						"0.0": [-42.5, 0, 0],
						"0.4583": [99.45001, -3.10817, -8.5564],
						"0.9583": [-42.5, 0, 0]
					}
				},
				"RightLeg": {
					"rotation": {
						"0.0": [92.5, 0, 0],
						"0.4583": [-42.5, 0, 0],
						"0.9583": [92.5, 0, 0]
					}
				},
				"tail": {
					"position": [0, 1, 0]
				}
			}
		},
		"animation.rataSaltante.sitting": {
			"loop": true,
			"animation_length": 0.125,
			"bones": {
				"root": {
					"rotation": [-50, 0, 0],
					"position": [0, 1, 0]
				},
				"head": {
					"rotation": [50, 0, 0],
					"position": [0, 1, 1]
				},
				"LeftArm": {
					"rotation": [97.5, 0, 0],
					"position": [0, 1.5, 0]
				},
				"RightArm": {
					"rotation": [97.5, 0, 0],
					"position": [0, 1.5, 0]
				},
				"tail": {
					"rotation": [67.5, 0, 0],
					"position": [0, 1, 0]
				},
				"LeftLeg": {
					"rotation": [22.5, 0, 0]
				},
				"RightLeg": {
					"rotation": [22.5, 0, 0]
				}
			}
		},
		"animation.rataSaltante.static": {
			"loop": true,
			"animation_length": 2.33333,
			"bones": {
				"root": {
					"rotation": {
						"0.0": [9, 0, 0],
						"1.2083": [2, 0, 0],
						"2.3333": [9, 0, 0]
					},
					"position": {
						"0.0": [0, -0.25, 0.8],
						"1.2083": [0, -0.3, 0.4],
						"2.3333": [0, -0.25, 0.8]
					}
				},
				"ears": {
					"rotation": {
						"0.0": [0, 0, 0],
						"0.75": [0, 0, 0],
						"0.8333": [0, 0, -7.5],
						"1.375": [0, 0, 10],
						"1.4167": [0, 0, 2.5]
					}
				},
				"eyes": {
					"position": {
						"0.0": [0, 0, 0],
						"0.375": [0, 0, 0],
						"0.4167": [0, 0, 0.75],
						"1.25": [0, 0, 0.75],
						"1.2917": [0, 0, 0]
					}
				},
				"bigote2": {
					"rotation": {
						"0.0": [0, -2.5, 0],
						"0.5417": [0, -2.5, 0],
						"0.5833": [0, 10, 0],
						"0.625": [0, -5, 0],
						"1.3333": [0, -2.5, 0],
						"1.375": [0, 10, 0],
						"1.4167": [0, -5, 0],
						"1.4583": [0, -17.5, 0],
						"1.5": [0, 12.5, 0],
						"1.5417": [0, -2.5, 0]
					}
				},
				"torso": {
					"rotation": [0, 0, 0]
				}
			}
		},
		"animation.jumpingrat.sniff": {
			"loop": true,
			"animation_length": 2.08333,
			"bones": {
				"root": {
					"rotation": {
						"0.0": [0, 0, 0],
						"0.125": [-7.5, 0, 0],
						"0.2083": [-17.5, 0, 0],
						"0.3333": [-22.5, 0, 0],
						"0.5833": [-22.5, 0, 0],
						"0.625": [-22.5, 0, 0],
						"1.125": [-22.5, 0, 0],
						"1.875": [-22.5, 0, 0],
						"2.0833": [0, 0, 0]
					},
					"position": {
						"0.0": [0, 0, 0],
						"0.125": [0, 0.5, 0],
						"0.2083": [0, 1.5, -1],
						"0.3333": [0, 2, -1],
						"0.5833": [0, 2.375, -1],
						"1.875": [0, 2.5, -1],
						"2.0833": [0, 0, 0]
					}
				},
				"LeftArm": {
					"rotation": {
						"0.0": [0, 0, 0],
						"0.5833": [42.5, 0, 0],
						"1.875": [42.5, 0, 0],
						"2.0833": [0, 0, 0]
					}
				},
				"head": {
					"rotation": {
						"0.5833": [0, 0, 0],
						"0.6667": [-20, 0, 0],
						"0.75": [0, 0, 0],
						"1.0833": [0, 0, 0],
						"1.1667": [-20, 0, 0],
						"1.25": [0, 0, 0],
						"1.3333": [0, 0, 0],
						"1.4167": [-20, 0, 0],
						"1.5": [0, 0, 0]
					}
				},
				"tail": {
					"rotation": {
						"0.0": [0, 0, 0],
						"0.25": [17.5, 0, 0],
						"0.5833": [37.5, 0, 0],
						"1.875": [37.5, 0, 0],
						"2.0833": [0, 0, 0]
					}
				},
				"RightArm": {
					"rotation": {
						"0.0": [0, 0, 0],
						"0.5833": [45, 0, 0],
						"1.875": [45, 0, 0],
						"2.0833": [0, 0, 0]
					}
				},
				"feet": {
					"rotation": {
						"0.0": [0, 0, 0],
						"0.125": [-6.07, 0, 0],
						"0.2083": [-1.52, 0, 0],
						"0.3333": [-2.86, 0, 0],
						"0.4583": [-16.97, 0, 0],
						"0.5833": [-40, 0, 0],
						"1.875": [-40, 0, 0],
						"2.0": [0, 0, 0]
					}
				},
				"LeftLeg2": {
					"rotation": {
						"0.0": [0, 0, 0],
						"0.125": [17.5, 0, 0],
						"0.2083": [40, 0, 0],
						"0.5833": [25, 0, 0],
						"1.875": [25, 0, 0],
						"2.0833": [0, 0, 0]
					},
					"position": {
						"0.0": [0, 0, 0],
						"0.5833": [0, 0.24237, -0.67778],
						"1.875": [0, 0.24237, -0.67778],
						"2.0833": [0, 0, 0]
					}
				},
				"feet2": {
					"rotation": {
						"0.0": [0, 0, 0],
						"0.125": [-6.07, 0, 0],
						"0.2083": [-1.52, 0, 0],
						"0.3333": [-2.86, 0, 0],
						"0.4583": [-16.97, 0, 0],
						"0.5833": [-40, 0, 0],
						"1.875": [-40, 0, 0],
						"2.0": [0, 0, 0]
					}
				},
				"hand2": {
					"rotation": {
						"0.0": [0, 0, 0],
						"0.625": [80, 0, 0],
						"1.8333": [80, 0, 0],
						"2.0833": [0, 0, 0]
					}
				},
				"hand": {
					"rotation": {
						"0.0": [0, 0, 0],
						"0.625": [80, 0, 0],
						"1.8333": [80, 0, 0],
						"2.0833": [0, 0, 0]
					}
				},
				"down_leg": {
					"rotation": {
						"0.0": [0, 0, 0],
						"0.0833": [6.43, 0, 0],
						"0.1667": [19.89, 0, 0],
						"0.2083": [30, 0, 0],
						"0.375": [45.05, 0, 0],
						"0.5": [51.97, 0, 0],
						"0.5833": [62.18, 0, 0],
						"0.625": [60.37, 0, 0],
						"0.75": [61.24, 0, 0],
						"1.0": [62.5, 0, 0],
						"1.375": [62.5, 0, 0],
						"1.875": [60.5, 0, 0],
						"2.0833": [0, 0, 0]
					}
				},
				"down_leg2": {
					"rotation": {
						"0.0": [0, 0, 0],
						"0.0833": [6.43, 0, 0],
						"0.1667": [19.89, 0, 0],
						"0.2083": [30, 0, 0],
						"0.375": [45.05, 0, 0],
						"0.5": [51.97, 0, 0],
						"0.5833": [62.18, 0, 0],
						"0.625": [60.37, 0, 0],
						"0.75": [61.24, 0, 0],
						"1.0": [62.5, 0, 0],
						"1.375": [62.5, 0, 0],
						"1.875": [60.5, 0, 0],
						"2.0833": [0, 0, 0]
					}
				},
				"nose": {
					"scale": {
						"0.5833": [1, 1, 1],
						"0.6667": [1, 0.6, 1],
						"0.75": [1, 1, 1],
						"1.0833": [1, 1, 1],
						"1.1667": [1, 0.6, 1],
						"1.25": [1, 1, 1],
						"1.3333": [1, 0.6, 1],
						"1.4167": [1, 1, 1],
						"1.5": [1, 1, 1]
					}
				}
			}
		},
		"animation.JumpingRat.jump": {
			"loop": true,
			"animation_length": 0.25,
			"bones": {
				"root": {
					"position": {
						"0.0": [0, -0.825, 0],
						"0.0417": [0, -0.825, 0],
						"0.125": [0, 8.18, -3],
						"0.1667": [0, 1.58, 0],
						"0.25": [0, -0.82, 0]
					},
					"scale": {
						"0.0": [1.2, 0.7, 1],
						"0.125": [1, 1, 1],
						"0.25": [1.2, 0.7, 1]
					}
				},
				"head": {
					"rotation": {
						"0.0": [15, 0, 0],
						"0.0417": [2.5, 0, 0],
						"0.125": [-17.5, 0, 0],
						"0.1667": [0, 0, 0],
						"0.25": [15, 0, 0]
					}
				},
				"ears": {
					"rotation": {
						"0.0": [-35, 0, 0],
						"0.0417": [-35, 0, 0],
						"0.125": [37.5, 0, 0],
						"0.25": [-35, 0, 0]
					}
				},
				"tail": {
					"rotation": {
						"0.0417": [0, 0, 0],
						"0.125": [22.5, 0, 0],
						"0.1667": [-5, 0, 0],
						"0.25": [0, 0, 0]
					}
				},
				"LeftLeg": {
					"position": [0, 0, 0]
				},
				"bigotes": {
					"rotation": {
						"0.0": [25, 0, 0],
						"0.125": [25, 0, 0],
						"0.1667": [-57.5, 0, 0],
						"0.2083": [-77.83, 0, 0],
						"0.25": [25, 0, 0]
					}
				},
				"up_tail": {
					"rotation": {
						"0.0": [-27.5, 0, 0],
						"0.0417": [-33, 0, 0],
						"0.0833": [-27.5, 0, 0],
						"0.125": [-27.5, 0, 0],