{
	"format_version": "1.8.0",
	"animations": {
		"animation.MountableRat.sitting": {
			"loop": true,
			"animation_length": 1.29167,
			"bones": {
				"root": {
					"rotation": [-2.5, 0, 0],
					"position": [0, -1.25, 0]
				},
				"head": {
					"rotation": [5, 0, 0],
					"position": [0, 0.75, 0.25]
				},
				"LeftLeg": {
					"rotation": [-34.24027, 16.32555, 22.44031]
				},
				"RightLeg": {
					"rotation": [-34.24027, -16.32555, -22.44031]
				},
				"tail": {
					"rotation": [68.11849, 28.02432, 49.47632]
				},
				"LeftArm": {
					"rotation": [-47.5, 0, 0],
					"position": [0, -0.25, -2]
				},
				"RightArm": {
					"rotation": [-45, 0, 0],
					"position": [0, -0.25, -2]
				}
			}
		},
		"animation.MountableRat.static": {
			"loop": true,
			"animation_length": 2.125,
			"bones": {
				"root": {
					"rotation": {
						"0.0": [0, 0, 0],
						"1.0417": [15, 0, 0],
						"2.125": [0, 0, 0]
					},
					"position": {
						"0.0": [0, 0, 0],
						"1.0417": [0, -0.25, 0],
						"2.125": [0, 0, 0]
					}
				},
				"LeftArm": {
					"rotation": {
						"0.0": [0, 0, 0],
						"2.125": [0, 0, 0]
					}
				},
				"head": {
					"rotation": {
						"0.0": [0, 0, 0],
						"1.0": [-15, 0, 0],
						"2.125": [0, 0, 0]
					}
				},
				"ears": {
					"rotation": {
						"0.0": [35, 0, 0],
						"1.0": [55, 0, 0],
						"1.0417": [-12.5, 0, 0],
						"1.0833": [55, 0, 0],
						"2.125": [35, 0, 0]
					}
				},
				"torso": {
					"rotation": [0, 0, 0]
				},
				"LeftLeg": {
					"rotation": {
						"0.0": [0, 0, 0],
						"2.125": [0, 0, 0]
					},
					"position": {
						"0.0": [0, 0, 0],
						"1.0417": [0, -0.5, 0],
						"2.125": [0, 0, 0]
					}
				},
				"RightLeg": {
					"rotation": {
						"0.0": [0, 0, 0],
						"2.125": [0, 0, 0]
					},
					"position": {
						"0.0": [0, 0, 0],
						"1.0417": [0, -0.5, 0],
						"2.125": [0, 0, 0]
					}
				},
				"RightArm": {
					"rotation": {
						"0.0": [0, 0, 0],
						"2.125": [0, 0, 0]
					}
				},
				"tail": {
					"rotation": {
						"0.0": [0, 40, 0],
						"0.9167": [0, -37.5, 0],
						"1.0": [0, -55, 0],
						"1.0417": [0, 67.5, 0],
						"1.2083": [0, -42.5, 0],
						"1.4167": [-5, -42.5, 0],
						"2.125": [0, 40, 0]
					}
				}
			}
		},
		"animation.MountableRat.walk": {
			"loop": true,
			"animation_length": 1,
			"bones": {
				"root": {
					"rotation": {
						"0.0": [-9.85108, 1.72794, 9.85108],
						"0.2083": [-10, 0, 0],
						"0.3333": [-9.85108, -1.72794, -9.85108],
						"0.5": [-9.85108, -1.72794, -9.85108],
						"0.6667": [-10, 0, 0],
						"0.875": [-9.85108, 1.72794, 9.85108]
					},
					"position": {
						"0.0": [0, 1, 0],
						"0.2083": [0, -0.12, 0],
						"0.3333": [0, 1.25, 0],
						"0.5": [0, 1.22, 0],
						"0.6667": [0, -0.06, 0],
						"0.875": [0, 1, 0]
					}
				},
				"LeftArm": {
					"rotation": [0, 0, -42.5]
				},
				"head": {
					"rotation": [17.5, 0, 0],
					"position": {
						"0.0": [0, -0.5, 0],
						"0.2083": [0, 0, 0],
						"0.3333": [0, 0, 0],
						"0.375": [0, -0.75, 0],
						"0.5": [0, -0.75, 0],
						"0.625": [0, 0, 0],
						"0.8333": [0, 0, 0],
						"0.875": [0, -0.5, 0]
					}
				},
				"LeftLeg": {
					"position": {
						"0.0": [0, 0, 0],
						"0.1667": [-0.5, 0.5, 0],
						"0.3333": [0, -0.5, -0.75],
						"0.5": [0, -0.5, -0.75],
						"0.6667": [-0.5, 0.5, 0],
						"0.875": [0, 0, 0]
					}
				},
				"RightLeg": {
					"position": {
						"0.0": [0, -0.5, -2],
						"0.1667": [0.5, 0.5, -1.25],
						"0.3333": [0, 0, 0.5],
						"0.5": [0, 0, 0.5],
						"0.6667": [0.5, 0.5, -1.25],
						"0.875": [0, -0.5, -2]
					}
				},
				"RightArm": {
					"rotation": [0, 0, 42.5]
				}
			}
		},
		"animation.MountableRat.attack": {
			"loop": true,
			"animation_length": 0.58333,
			"bones": {
				"root": {
					"rotation": {
						"0.0": [0, 0, 0],
						"0.125": [15, 20, 0],
						"0.2917": [-16.98003, 1.82065, 0.40775],
						"0.4583": [-16.98003, 1.82065, 0.40775],
						"0.5833": [0, 0, 0]
					},
					"position": {
						"0.0": [0, 0, 0],
						"0.125": [0, -0.61, 0],
						"0.2917": [0, 1.5, 0],
						"0.4583": [0, 1.5, 0],
						"0.5833": [0, 0, 0]
					}
				},
				"LeftArm": {
					"rotation": {
						"0.0": [0, 0, 0],
						"0.2917": [-77.5, 0, 0],
						"0.5833": [0, 0, 0]
					},
					"position": {
						"0.0": [0, 0, 0],
						"0.2917": [0, 0, -2],
						"0.5833": [0, 0, 0]
					}
				},
				"head": {
					"rotation": {
						"0.0": [2.5, 0, 0],
						"0.125": [117.5, 0, 0],
						"0.2917": [-25, 0, 0],
						"0.4583": [-25, 0, 0],
						"0.5833": [2.5, 0, 0]
					},
					"position": {
						"0.0": [0, 0, 0],
						"0.125": [0, 3.25, -1],
						"0.4583": [0, 1.61, 0],
						"0.5833": [0, 0, 0]
					}
				},
				"ears": {
					"rotation": {
						"0.0": [0, 0, 0],
						"0.125": [62.5, 0, 0],
						"0.2917": [-72.5, 0, 0],
						"0.4583": [10, 0, 0],
						"0.5833": [-30, 0, 0]
					}
				},
				"LeftLeg": {
					"position": {
						"0.0": [0, 0, 0],
						"0.2917": [0, -0.5, 0],
						"0.4583": [0, -0.5, 0],
						"0.5833": [0, 0, 0]
					}
				},
				"RightLeg": {
					"rotation": {
						"0.0": [0, 0, 0],
						"0.2917": [52.5, 0, 0],
						"0.4583": [52.5, 0, 0],
						"0.5833": [0, 0, 0]
					},
					"position": {
						"0.0": [0, 0, 0],
						"0.2917": [0, -0.5, 0],
						"0.4583": [0, -0.5, 0],
						"0.5833": [0, 0, 0]
					}
				},
				"RightArm": {
					"rotation": {
						"0.0": [0, 0, 0],
						"0.2917": [-75, 0, 0],
						"0.5833": [0, 0, 0]
					},
					"position": {
						"0.0": [0, 0, 0],
						"0.2917": [0, 0, -2],
						"0.5833": [0, 0, 0]
					}
				}
			}
		}
	}
}