{
	"format_version": "1.8.0",
	"animations": {
		
		"animation.rata.sitting": {
			"loop": true,
			"animation_length": 0.95833,
			"bones": {
				"root": {
					"rotation": [-55, 0, 0],
					"position": [0, 5.75, 0]
				},
				"head": {
					"rotation": [55, 0, 0],
					"position": [0, 0.75, 0.25]
				},
				"LeftLeg": {
					"rotation": [-34.24027, 16.32555, 22.44031]
				},
				"RightLeg": {
					"rotation": [-34.24027, -16.32555, -22.44031]
				},
				"tail": {
					"rotation": [68.11849, 28.02432, 49.47632]
				}
			}
		},
		"animation.rata.static": {
			"loop": true,
			"animation_length": 2.16667,
			"bones": {
				"root": {
					"position": {
						"0.0": [0, 0, 0],
						"1.0417": [0, -0.5, 0],
						"2.1667": [0, 0, 0]
					}
				},
				"ears": {
					"rotation": {
						"0.0": [0, 0, 0],
						"0.9583": [0, 0, 0],
						"1.0": [0, 0, -10],
						"1.0833": [0, 0, 0]
					}
				},
				"eyes": {
					"position": {
						"0.0": [0, 0, 0],
						"0.7917": [0, 0, 0],
						"0.8333": [0, 0, 0.75],
						"1.625": [0, 0, 0.75],
						"1.6667": [0, 0, 0]
					}
				},
				"bigote": {
					"rotation": {
						"0.0": [0, 0, 0],
						"0.6667": [0, 0, 0],
						"0.7083": [20.15874, 7.04533, 2.57816],
						"0.75": [0, 0, 0]
					}
				},
				"LeftLeg": {
					"rotation": {
						"0.0": [0, 0, 0],
						"1.0417": [0, 45, 0],
						"2.1667": [0, 0, 0]
					},
					"position": {
						"0.0": [0, 0, 0],
						"1.0417": [-0.75, 0.5, -0.25],
						"2.1667": [0, 0, 0]
					}
				},
				"RightLeg": {
					"rotation": {
						"0.0": [0, -2.5, 0],
						"1.0417": [0, -45, 0],
						"2.1667": [0, -2.5, 0]
					},
					"position": {
						"0.0": [0, 0, 0],
						"1.0417": [0.75, 0.5, -0.25],
						"2.1667": [0, 0, 0]
					}
				}
			}
		},
		"animation.rata.colita": {
			"loop": true,
			"animation_length": 0.66667,
			"bones": {
				"head": {
					"position": {
						"0.0": [0.5, 0, 0],
						"0.1667": [0.25, 0, 0],
						"0.3333": [0, 0, 0],
						"0.5": [0.25, 0, 0],
						"0.6667": [0.5, 0, 0]
					}
				},
				"torso": {
					"position": {
						"0.0": [-0.75, 0, 0],
						"0.1667": [0, 0, 0],
						"0.3333": [1.04, 0, 0],
						"0.5": [0, 0, 0],
						"0.6667": [-0.75, 0, 0]
					}
				},
				"tail": {
					"rotation": {
						"0.0": [0, 0, -20],
						"0.0833": [0, 0, 17.5],
						"0.1667": [0, 0, -20],
						"0.25": [0, 0, 17.5],
						"0.3333": [0, 0, -20],
						"0.4167": [0, 0, 17.5],
						"0.5": [0, 0, -20],
						"0.5833": [0, 0, 17.5],
						"0.6667": [0, 0, -20]
					}
				},
				"head2": {
					"rotation": {
						"0.0": [0, 0, -10],
						"0.1667": [0, 0, 0],
						"0.3333": [0, 0, 15],
						"0.5": [0, 0, 0],
						"0.6667": [0, 0, -10]
					}
				},
				"ears2": {
					"rotation": {
						"0.0": [0, 0, -22.5],
						"0.1667": [0, 0, -2.5],
						"0.3333": [0, 0, 20],
						"0.5": [0, 0, -2.5],
						"0.625": [0, 0, -22.5]
					}
				},
				"torso2": {
					"position": {
						"0.0": [0, 0, 0],
						"0.125": [0, 0, 0]
					}
				},
				"tail2": {
					"rotation": {
						"0.0": [2.5, 0, 0],
						"0.3333": [-12.5, 0, 0],
						"0.6667": [2.5, 0, 0]
					}
				},
				"bone": {
					"rotation": {
						"0.0": [0, 0, -10],
						"0.25": [0, 0, 10],
						"0.4167": [0, 0, 19.5],
						"0.6667": [0, 0, -10]
					}
				}
			}
		},
		"animation.rata.walk": {
			"loop": true,
			"animation_length": 0.29167,
			"bones": {
				"root": {
					"rotation": {
						"0.0": [12.5, 0, 0],
						"0.0417": [27.5, 0, 0],
						"0.125": [2.5, 0, 0],
						"0.1667": [-10, 0, 0],
						"0.25": [-7.94, 0, 0],
						"0.2917": [12.5, 0, 0]
					},
					"position": {
						"0.0": [0, 1, 0.5],
						"0.0833": [0, 0.75, 0.5],
						"0.1667": [0, 1.25, -0.5],
						"0.2083": [0, 2.25, -0.5],
						"0.25": [0, 2.43, -0.3],
						"0.2917": [0, 1, 0.5]
					},
					"scale": {
						"0.0": [1, 1, 1],
						"0.0833": [1.5, 0.7, 1],
						"0.1667": [1, 1, 1],
						"0.25": [1, 1, 1.2],
						"0.2917": [1, 1, 1]
					}
				},
				"LeftArm": {
					"rotation": {
						"0.0": [-72.5, 30, 0],
						"0.0417": [-47.5, 30, 0],
						"0.0833": [10, 30, 0],
						"0.125": [57.5, 30, 0],
						"0.1667": [92.5, 30, 0],
						"0.2917": [-72.5, 30, 0]
					},
					"position": {
						"0.0": [-1, 0, -1],
						"0.0833": [-1, 0.44351, -0.76913],
						"0.125": [-1, -0.56995, -0.56386],
						"0.2917": [-1, 0, -1]
					}
				},
				"head": {
					"rotation": {
						"0.0": [-10, 0, 0],
						"0.0417": [-27.5, 0, 0],
						"0.1667": [12.5, 0, 0],
						"0.2917": [-10, 0, 0]
					},
					"position": {
						"0.0": [0, 0.67, -0.21],
						"0.0417": [0, 0.67438, -0.21263],
						"0.1667": [0, 0.26442, 0.36923],
						"0.2917": [0, 0.67, -0.21]
					}
				},
				"ears": {
					"rotation": {
						"0.0": [-50, 0, 0],
						"0.0833": [17.5, 0, 0],
						"0.2083": [-42.5, 0, 0],
						"0.2917": [-50, 0, 0]
					}
				},
				"LeftLeg": {
					"rotation": {
						"0.0": [38.66901, -11.14485, 13.57875],
						"0.0833": [-61.33099, -11.14485, 13.57875],
						"0.1667": [-48.83099, -11.14485, 13.57875],
						"0.2917": [38.66901, -11.14485, 13.57875]
					},
					"position": {
						"0.0": [0, 0.5363, -0.01356],
						"0.125": [0, -0.44351, -0.23087],
						"0.1667": [0, 0.17878, -0.23488],
						"0.2917": [0, 0.5363, -0.01356]
					}
				},
				"tail": {
					"rotation": {
						"0.0": [-32.5, 0, 0],
						"0.1667": [55, 0, 0],
						"0.2917": [-32.5, 0, 0]
					}
				},
				"RightArm": {
					"rotation": {
						"0.0": [-72.5, -42.5, 0],
						"0.0417": [-47.5, -42.5, 0],
						"0.0833": [7.5, -42.5, 0],
						"0.125": [60, -42.5, 0],
						"0.1667": [97.5, -42.5, 0],
						"0.2917": [-72.5, -42.5, 0]
					},
					"position": {
						"0.0": [1, 0, -1],
						"0.0833": [1, 0.44351, -0.76913],
						"0.125": [1, -0.56995, -0.56386],
						"0.2917": [1, 0, -1]
					}
				},
				"feet": {
					"rotation": {
						"0.0": [125, 0, 0],
						"0.0417": [40, 0, 0],
						"0.2083": [125, 0, 0],
						"0.2917": [125, 0, 0]
					}
				},
				"LeftLeg2": {
					"rotation": {
						"0.0": [39.02504, 9.57658, -11.59948],
						"0.0833": [-60.97496, 9.57658, -11.59948],
						"0.1667": [-48.47496, 9.57658, -11.59948],
						"0.2917": [39.02504, 9.57658, -11.59948]
					},
					"position": {
						"0.0": [0, 0.5363, -0.01356],
						"0.125": [0, -0.44351, -0.23087],
						"0.1667": [0, 0.42817, -0.25232],
						"0.2917": [0, 0.5363, -0.01356]
					}
				},
				"feet2": {
					"rotation": {
						"0.0": [135, 0, 0],
						"0.0417": [30, 0, 0],
						"0.2083": [135, 0, 0],
						"0.2917": [135, 0, 0]
					}
				}
			}
		},
		"animation.RataComun.sniff": {
			"loop": true,
			"animation_length": 2.08333,
			"bones": {
				"root": {
					"rotation": {
						"0.0": [0, 0, 0],
						"0.125": [-7.5, 0, 0],
						"0.2083": [-17.5, 0, 0],
						"0.3333": [-30, 0, 0],
						"0.5": [-40, 0, 0],
						"0.5833": [-55, 0, 0],
						"0.625": [-52.31, 0, 0],
						"1.125": [-57, 0, 0],
						"1.875": [-50, 0, 0],
						"2.0833": [0, 0, 0]
					},
					"position": {
						"0.0": [0, 0, 0],
						"0.125": [0, 0.5, -1],
						"0.2083": [0, 1.5, -3],
						"0.3333": [0, 2, -2],
						"0.5833": [0, 2.5, -1],
						"1.875": [0, 2.5, -1],
						"2.0833": [0, 0, 0]
					}
				},
				"LeftArm": {
					"rotation": {
						"0.0": [0, 0, 0],
						"0.5833": [42.5, 0, 0],
						"1.875": [42.5, 0, 0],
						"2.0833": [0, 0, 0]
					}
				},
				"head": {
					"rotation": {
						"0.5833": [0, 0, 0],
						"0.6667": [-20, 0, 0],
						"0.75": [0, 0, 0],
						"1.0833": [0, 0, 0],
						"1.1667": [-20, 0, 0],
						"1.25": [0, 0, 0],
						"1.3333": [0, 0, 0],
						"1.4167": [-20, 0, 0],
						"1.5": [0, 0, 0]
					}
				},
				"LeftLeg": {
					"rotation": {
						"0.0": [0, 0, 0],
						"0.125": [17.5, 0, 0],
						"0.2083": [40, 0, 0],
						"0.5833": [25, 0, 0],
						"1.875": [25, 0, 0],
						"2.0833": [0, 0, 0]
					},
					"position": {
						"0.0": [0, 0, 0],
						"0.5833": [0, 0.24237, -0.67778],
						"1.875": [0, 0.24237, -0.67778],