{
	"format_version": "1.8.0",
	"animations": {
		"animation.wolf_ear.idle": {
			"loop": true,
			"animation_length": 3,
			"bones": {
				"up": {
					"rotation": {
						"0.0": {
							"post": [
								0,
								0,
								0
							],
							"lerp_mode": "catmullrom"
						},
						"0.5": {
							"post": [
								6.31274,
								-0.55285,
								11.80868
							],
							"lerp_mode": "catmullrom"
						},
						"0.75": {
							"post": [
								-0.00339,
								0.00231,
								0.00095
							],
							"lerp_mode": "catmullrom"
						},
						"0.9583": {
							"post": [
								4.75054,
								-0.30901,
								8.87343
							],
							"lerp_mode": "catmullrom"
						},
						"1.0833": {
							"post": [
								-0.00339,
								0.00231,
								0.00095
							],
							"lerp_mode": "catmullrom"
						},
						"1.3333": {
							"post": [
								0,
								0,
								0
							],
							"lerp_mode": "catmullrom"
						},
						"15.0": {
							"post": [
								0,
								0,
								0
							],
							"lerp_mode": "catmullrom"
						}
					}
				},
				"RightEar": {
					"rotation": {
						"0.0": [
							0,
							0,
							0
						],
						"0.0417": [
							0,
							0,
							-2.8339
						],
						"0.0833": [
							0,
							0,
							-24.6661
						],
						"0.125": [
							0,
							0,
							-27.5
						],
						"0.1667": [
							0,
							0,
							-25.61733
						],
						"0.2083": [
							0,
							0,
							-18.83308
						],
						"0.25": [
							0,
							0,
							-8.65942
						],
						"0.2917": [
							0,
							0,
							-1.87946
						],
						"0.3333": [
							0,
							0,
							0
						],
						"0.375": [
							0,
							0,
							-2.8339
						],
						"0.4167": [
							0,
							0,
							-24.6661
						],
						"0.4583": [
							0,
							0,
							-27.5
						],
						"0.5": [
							0,
							0,
							-25.61799
						],
						"0.5417": [
							0,
							0,
							-18.84017
						],
						"0.5833": [
							0,
							0,
							-8.67482
						],
						"0.625": [
							0,
							0,
							-1.8885
						],
						"0.6667": [
							0,
							0,
							0
						]
					}
				},
				"LeftEar": {
					"rotation": {
						"0.0": [
							0,
							0,
							0
						],
						"0.0417": [
							0,
							0,
							2.8339
						],
						"0.0833": [
							0,
							0,
							24.6661
						],
						"0.125": [
							0,
							0,
							27.5
						],
						"0.1667": [
							0,
							0,
							25.61733
						],
						"0.2083": [
							0,
							0,
							18.83308
						],
						"0.25": [
							0,
							0,
							8.65942
						],
						"0.2917": [
							0,
							0,
							1.87946
						],
						"0.3333": [
							0,
							0,
							0
						],
						"0.375": [
							0,
							0,
							2.8339
						],
						"0.4167": [
							0,
							0,
							24.6661
						],
						"0.4583": [
							0,
							0,
							27.5
						],
						"0.5": [
							0,
							0,
							25.61799
						],
						"0.5417": [
							0,
							0,
							18.84017
						],
						"0.5833": [
							0,
							0,
							8.67482
						],
						"0.625": [
							0,
							0,
							1.8885
						],
						"0.6667": [
							0,
							0,
							0
						]
					}
				},
				"Tail": {
					"rotation": {
						"0.0": [
							0,
							0,
							10
						],
						"0.0417": [
							0,
							0,
							9.2719
						],
						"0.0833": [
							0,
							0,
							7.82055
						],
						"0.125": [
							0,
							0,
							6.05135
						],
						"0.3333": [
							0,
							0,
							-4.11087
						],
						"0.375": [
							0,
							0,
							-6.05135
						],
						"0.4167": [
							0,
							0,
							-7.82055
						],
						"0.4583": [
							0,
							0,
							-9.2719
						],
						"0.5": [
							0,
							0,
							-10
						],
						"0.5417": [
							0,
							0,
							-9.2719
						],
						"0.5833": [
							0,
							0,
							-7.82055
						],
						"0.625": [
							0,
							0,
							-6.05135
						],
						"0.8333": [
							0,
							0,
							4.11087
						],
						"0.875": [
							0,
							0,
							6.05135
						],
						"0.9167": [
							0,
							0,
							7.82055
						],
						"0.9583": [
							0,
							0,
							9.2719
						],
						"1.0": [
							0,
							0,
							10
						],
						"1.0417": [
							0,
							0,
							9.2719
						],
						"1.0833": [
							0,
							0,
							7.82055
						],
						"1.125": [
							0,
							0,
							6.05135
						],
						"1.3333": [
							0,
							0,
							-4.11087
						],
						"1.375": [
							0,
							0,
							-6.05135
						],
						"1.4167": [
							0,
							0,
							-7.82055
						],
						"1.4583": [
							0,
							0,
							-9.2719
						],
						"1.5": [
							0,
							0,
							-10
						],
						"1.5417": [
							0,
							0,
							-9.2719
						],
						"1.5833": [
							0,
							0,
							-7.82055
						],
						"1.625": [
							0,
							0,
							-6.05135
						],
						"1.8333": [
							0,
							0,
							4.11087
						],
						"1.875": [
							0,
							0,
							6.05135
						],
						"1.9167": [
							0,
							0,
							7.82055
						],
						"1.9583": [
							0,
							0,
							9.2719
						],
						"2.0": [
							0,
							0,
							10
						],
						"2.0417": [
							0,
							0,
							9.2719
						],
						"2.0833": [
							0,
							0,
							7.82055
						],
						"2.125": [
							0,
							0,
							6.05135
						],
						"2.3333": [
							0,
							0,
							-4.11087
						],
						"2.375": [
							0,
							0,
							-6.05135
						],
						"2.4167": [
							0,
							0,
							-7.82055
						],
						"2.4583": [
							0,
							0,
							-9.2719
						],
						"2.5": [
							0,
							0,
							-10
						],
						"2.5417": [
							0,
							0,
							-9.2719
						],
						"2.5833": [
							0,
							0,
							-7.82055
						],
						"2.625": [
							0,
							0,
							-6.05135
						],
						"2.8333": [
							0,
							0,
							4.11087
						],
						"2.875": [
							0,
							0,
							6.05135
						],
						"2.9167": [
							0,
							0,
							7.82055
						],
						"2.9583": [
							0,
							0,
							9.2719
						],
						"3.0": [
							0,
							0,
							10
						]
					}
				},
				"bone33": {
					"position": {
						"0.0": {
							"post": [
								0,
								0,
								0
							],
							"lerp_mode": "catmullrom"
						},
						"0.5": {
							"post": [
								-1,
								0,
								0
							],
							"lerp_mode": "catmullrom"
						},
						"1.0": {
							"post": [
								0,
								0,
								0
							],
							"lerp_mode": "catmullrom"
						},
						"1.5": {
							"post": [
								-1,
								0,
								0
							],
							"lerp_mode": "catmullrom"
						},
						"2.0": {
							"post": [
								0,
								0,
								0
							],
							"lerp_mode": "catmullrom"
						},
						"2.5": {
							"post": [
								-1,
								0,
								0
							],
							"lerp_mode": "catmullrom"
						},
						"3.0": {
							"post": [
								0,
								0,
								0
							],
							"lerp_mode": "catmullrom"
						}
					}
				},
				"bone34": {
					"position": {
						"0.0": {
							"post": [
								0,
								0,
								0
							],
							"lerp_mode": "catmullrom"
						},
						"0.5": {
							"post": [
								-3,
								0,
								0
							],
							"lerp_mode": "catmullrom"
						},
						"1.0": {
							"post": [
								0,
								0,
								0
							],
							"lerp_mode": "catmullrom"
						},
						"1.5": {
							"post": [
								-3,
								0,
								0
							],
							"lerp_mode": "catmullrom"
						},
						"2.0": {
							"post": [
								0,
								0,
								0
							],
							"lerp_mode": "catmullrom"
						},
						"2.5": {
							"post": [
								-3,
								0,
								0
							],
							"lerp_mode": "catmullrom"
						},
						"3.0": {
							"post": [
								0,
								0,
								0
							],
							"lerp_mode": "catmullrom"
						}
					}
				},